{
  "metadata": {
    "alpha": 0.1362889241407773,
    "alpha_rule": "spectral_fraction/(lambda_max(W)+dual_init)",
    "archive_semantics": "every-step incumbent archive",
    "config": {
      "archive_every": 1,
      "batch": 8,
      "beta": 0.02,
      "delta": 1e-08,
      "eig_tolerance": 1e-06,
      "escape_radius": 0.1,
      "kick": true,
      "max_heatmap_vars": 2000,
      "mode_count": 8,
      "negative_every": 250,
      "psd_margin": 0.1,
      "rho": 0.05,
      "seed": 0,
      "slq_probes": 6,
      "slq_steps": 35,
      "slq_threshold": 1e-06,
      "spectral_fraction": 0.99,
      "spectrum_every": 50,
      "steps": 3000,
      "timeseries_every": 20,
      "tiny_rho": 0.0001
    },
    "critical_plane_semantics": "first two instantaneous lowest Ritz vectors at the refined tc",
    "descriptors": [
      {
        "alpha": 0.1362889241407773,
        "archive_batch": 1,
        "archive_bits_hash": "ecd921fcd5165f7dae4a7524069ef6b0d39db51b0f35a079be1a2b2e0a8aa659",
        "archive_cut": 4286.0,
        "archive_every": 1,
        "archive_source": "batch",
        "archive_step": 29,
        "batch": 8,
        "beta": 0.02,
        "distinct_candidates": 205,
        "dual_init": 0.0,
        "first_clip_step": 4,
        "graph_hash": "288fcb049ba717a443141b0ff3371a5f06f08554e904608dc6e30b5a3559f2c0",
        "initial_state_hash": "47da152e6f6353e29a6531b38f84a760ef5b75102bcfc0caafc24079628173da",
        "m": 14000,
        "method": "direct",
        "n": 7000,
        "perturbations": 0,
        "problem": "G62",
        "rho": 0.05,
        "runtime_seconds": 1.7136845840141177,
        "seed": 0,
        "steps": 3000
      },
      {
        "alpha": 0.1362889241407773,
        "archive_batch": 1,
        "archive_bits_hash": "7e2fc2a4b3e481471f14c74e0f8e8c1245f9aa3f3c2b35e14483b6b7c032faff",
        "archive_cut": 4476.0,
        "archive_every": 1,
        "archive_source": "batch",
        "archive_step": 37,
        "batch": 8,
        "beta": 0.02,
        "distinct_candidates": 268,
        "dual_init": 0.0,
        "first_clip_step": 14,
        "graph_hash": "288fcb049ba717a443141b0ff3371a5f06f08554e904608dc6e30b5a3559f2c0",
        "initial_state_hash": "d75018cb6de77592bb73be9c17a5196559891f794f4addc34d52112f2769ff22",
        "m": 14000,
        "method": "direct_tiny",
        "n": 7000,
        "perturbations": 0,
        "problem": "G62",
        "rho": 0.0001,
        "runtime_seconds": 1.664512666000519,
        "seed": 0,
        "steps": 3000
      },
      {
        "alpha": 0.1362889241407773,
        "archive_batch": 6,
        "archive_bits_hash": "fec4a2f0a93e869585415b5af146b1c32fa312d2e62283a602d703d78566a698",
        "archive_cut": 4778.0,
        "archive_every": 1,
        "archive_source": "batch",
        "archive_step": 1439,
        "batch": 8,
        "beta": 0.02,
        "distinct_candidates": 3628,
        "dual_init": 3.6819899296343293,
        "first_clip_step": 108,
        "graph_hash": "288fcb049ba717a443141b0ff3371a5f06f08554e904608dc6e30b5a3559f2c0",
        "initial_state_hash": "47da152e6f6353e29a6531b38f84a760ef5b75102bcfc0caafc24079628173da",
        "m": 14000,
        "method": "scalar_dual",
        "n": 7000,
        "perturbations": 0,
        "problem": "G62",
        "rho": 0.05,
        "runtime_seconds": 1.7325055830006022,
        "seed": 0,
        "steps": 3000
      },
      {
        "alpha": 0.1362889241407773,
        "archive_batch": 7,
        "archive_bits_hash": "1bdf60bc08a67dbb66bae503663d05bb91c606c1da285990fe631ba1d47c9eed",
        "archive_cut": 4794.0,
        "archive_every": 1,
        "archive_source": "batch",
        "archive_step": 1663,
        "batch": 8,
        "beta": 0.02,
        "distinct_candidates": 11317,
        "dual_init": 3.6819899296343293,
        "first_clip_step": 105,
        "graph_hash": "288fcb049ba717a443141b0ff3371a5f06f08554e904608dc6e30b5a3559f2c0",
        "initial_state_hash": "47da152e6f6353e29a6531b38f84a760ef5b75102bcfc0caafc24079628173da",
        "m": 14000,
        "method": "pdbo",
        "n": 7000,
        "perturbations": 61634,
        "problem": "G62",
        "rho": 0.05,
        "runtime_seconds": 2.009832334006205,
        "seed": 0,
        "steps": 3000
      },
      {
        "alpha": 0.1362889241407773,
        "archive_batch": 6,
        "archive_bits_hash": "88ea798f66f969a45e3042ed6dfcdb68ea5721b54e962c09eaf771c38de44288",
        "archive_cut": 4776.0,
        "archive_every": 1,
        "archive_source": "batch",
        "archive_step": 579,
        "batch": 8,
        "beta": 0.02,
        "distinct_candidates": 16991,
        "dual_init": 3.6819899296343293,
        "first_clip_step": 108,
        "graph_hash": "288fcb049ba717a443141b0ff3371a5f06f08554e904608dc6e30b5a3559f2c0",
        "initial_state_hash": "47da152e6f6353e29a6531b38f84a760ef5b75102bcfc0caafc24079628173da",
        "m": 14000,
        "method": "shuffled_dual",
        "n": 7000,
        "perturbations": 0,
        "problem": "G62",
        "rho": 0.05,
        "runtime_seconds": 3.731682792014908,
        "seed": 0,
        "steps": 3000
      }
    ],
    "drift_semantics": "observed_drift is sorted-eigenvalue forward slope; predicted_drift uses midpoint omega over each sampled interval",
    "dual_init": 3.6819899296343293,
    "format_version": 1,
    "graph_hash": "288fcb049ba717a443141b0ff3371a5f06f08554e904608dc6e30b5a3559f2c0",
    "hessian_scaling": "reported eigenvalues are A=W+Diag(y); Hessian with respect to x is 2*A",
    "lambda_max_bound": 3.5819899296343256,
    "lambda_min_bound": -3.581989929634329,
    "m": 14000,
    "methods": [
      "direct",
      "direct_tiny",
      "scalar_dual",
      "pdbo",
      "shuffled_dual"
    ],
    "n": 7000,
    "negative_edge_count": 7040,
    "negative_index_semantics": "SLQ estimate of trace(1[A < -threshold]); not an exact integer",
    "omega_semantics": "omega_k=sum_i u_ki^2*(1-spin_i^2), a modal fractionality weight; predicted H drift is -beta*omega_k/4 per old-state step",
    "problem": "G62",
    "quality_bound_scope": "signed weights: nonnegative-weight approximation-ratio bounds disabled",
    "rounding_tie": "numpy.rint: x=0.5 maps to bit 0",
    "signed_weights": true,
    "spectrum_exact": false,
    "spectrum_mode": "sparse-extrema",
    "spin_update": "z_next=clip_spin(z-2*alpha*(W+Diag(y))*z)",
    "total_weight": -80.0,
    "weight_max": 1.0,
    "weight_min": -1.0
  },
  "methods": [
    {
      "alpha": 0.1362889241407773,
      "archive_batch": 1,
      "archive_bits_hash": "ecd921fcd5165f7dae4a7524069ef6b0d39db51b0f35a079be1a2b2e0a8aa659",
      "archive_cut": 4286.0,
      "archive_every": 1,
      "archive_source": "batch",
      "archive_step": 29,
      "batch": 8,
      "beta": 0.02,
      "bifurcation_delay": 3,
      "critical_gap": 0.012274783809639533,
      "critical_lambda_1": -3.5819899296343265,
      "critical_lambda_2": -3.569715145824687,
      "critical_residual_1": 6.638295487353334e-15,
      "distinct_candidates": 205,
      "dual_init": 0.0,
      "escape_alignment": 0.025948764206701593,
      "escape_subspace_alignment": 0.0007586077241908893,
      "first_clip_step": 4,
      "graph_hash": "288fcb049ba717a443141b0ff3371a5f06f08554e904608dc6e30b5a3559f2c0",
      "initial_state_hash": "47da152e6f6353e29a6531b38f84a760ef5b75102bcfc0caafc24079628173da",
      "kappa_escape": 3.5819899296343265,
      "m": 14000,
      "max_alignment": 0.07874326049231781,
      "method": "direct",
      "n": 7000,
      "perturbations": 0,
      "problem": "G62",
      "raw_max_flip_gain": 2.0,
      "raw_positive_flip_count": 1,
      "refined_cut": 4288.0,
      "refined_max_flip_gain": 0.0,
      "refinement_gain": 2.0,
      "refinement_steps": 1,
      "replay_verified": true,
      "rho": 0.05,
      "runtime_seconds": 1.7136845840141177,
      "seed": 0,
      "steps": 3000,
      "tc": 0,
      "tesc": 3,