{
  "metadata": {
    "alpha": 0.019888975962103175,
    "alpha_rule": "spectral_fraction/(lambda_max(W)+dual_init)",
    "archive_semantics": "every-step incumbent archive",
    "config": {
      "archive_every": 1,
      "batch": 8,
      "beta": 0.02,
      "delta": 1e-08,
      "eig_tolerance": 1e-06,
      "escape_radius": 0.1,
      "kick": true,
      "max_heatmap_vars": 2000,
      "mode_count": 8,
      "negative_every": 250,
      "psd_margin": 0.1,
      "rho": 0.05,
      "seed": 0,
      "slq_probes": 6,
      "slq_steps": 35,
      "slq_threshold": 1e-06,
      "spectral_fraction": 0.99,
      "spectrum_every": 50,
      "steps": 3000,
      "timeseries_every": 20,
      "tiny_rho": 0.0001
    },
    "critical_plane_semantics": "first two instantaneous lowest Ritz vectors at the refined tc",
    "descriptors": [
      {
        "alpha": 0.019888975962103175,
        "archive_batch": 0,
        "archive_bits_hash": "411ee51b8358eca82283ee3e39d69d9f638a60170bd3efa2f43c081c8ef96ba5",
        "archive_cut": 8001.0,
        "archive_every": 1,
        "archive_source": "batch",
        "archive_step": 229,
        "batch": 8,
        "beta": 0.02,
        "distinct_candidates": 901,
        "dual_init": 0.0,
        "first_clip_step": 6,
        "graph_hash": "ba2f4adea0d13597bfedc55c9ab0ab8c9d24163927130c962712f5386927362f",
        "initial_state_hash": "47da152e6f6353e29a6531b38f84a760ef5b75102bcfc0caafc24079628173da",
        "m": 41459,
        "method": "direct",
        "n": 7000,
        "perturbations": 0,
        "problem": "G64",
        "rho": 0.05,
        "runtime_seconds": 4.372700750012882,
        "seed": 0,
        "steps": 3000
      },
      {
        "alpha": 0.019888975962103175,
        "archive_batch": 0,
        "archive_bits_hash": "14aa4eea088618e17fac748b6695bde2caf23b874596e0d6075b0e0d46f134e0",
        "archive_cut": 8123.0,
        "archive_every": 1,
        "archive_source": "batch",
        "archive_step": 231,
        "batch": 8,
        "beta": 0.02,
        "distinct_candidates": 1014,
        "dual_init": 0.0,
        "first_clip_step": 16,
        "graph_hash": "ba2f4adea0d13597bfedc55c9ab0ab8c9d24163927130c962712f5386927362f",
        "initial_state_hash": "d75018cb6de77592bb73be9c17a5196559891f794f4addc34d52112f2769ff22",
        "m": 41459,
        "method": "direct_tiny",
        "n": 7000,
        "perturbations": 0,
        "problem": "G64",
        "rho": 0.0001,
        "runtime_seconds": 4.29868633300066,
        "seed": 0,
        "steps": 3000
      },
      {
        "alpha": 0.019888975962103175,
        "archive_batch": 0,
        "archive_bits_hash": "83edd294485a07e8b313276da336803c325b43ec99cf6f09a25ab000427673a3",
        "archive_cut": 5905.0,
        "archive_every": 1,
        "archive_source": "batch",
        "archive_step": 2992,
        "batch": 8,
        "beta": 0.02,
        "distinct_candidates": 5338,
        "dual_init": 24.981037498368174,
        "first_clip_step": 243,
        "graph_hash": "ba2f4adea0d13597bfedc55c9ab0ab8c9d24163927130c962712f5386927362f",
        "initial_state_hash": "47da152e6f6353e29a6531b38f84a760ef5b75102bcfc0caafc24079628173da",
        "m": 41459,
        "method": "scalar_dual",
        "n": 7000,
        "perturbations": 0,
        "problem": "G64",
        "rho": 0.05,
        "runtime_seconds": 4.332265584002016,
        "seed": 0,
        "steps": 3000
      },
      {
        "alpha": 0.019888975962103175,
        "archive_batch": 0,
        "archive_bits_hash": "3f1b28fbef7015869141eb565d2665622a9b97c525861bd0f565e7f6ebd44f73",
        "archive_cut": 5919.0,
        "archive_every": 1,
        "archive_source": "batch",
        "archive_step": 2998,
        "batch": 8,
        "beta": 0.02,
        "distinct_candidates": 5694,
        "dual_init": 24.981037498368174,
        "first_clip_step": 243,
        "graph_hash": "ba2f4adea0d13597bfedc55c9ab0ab8c9d24163927130c962712f5386927362f",
        "initial_state_hash": "47da152e6f6353e29a6531b38f84a760ef5b75102bcfc0caafc24079628173da",
        "m": 41459,
        "method": "pdbo",
        "n": 7000,
        "perturbations": 0,
        "problem": "G64",
        "rho": 0.05,
        "runtime_seconds": 4.6569189590227325,
        "seed": 0,
        "steps": 3000
      },
      {
        "alpha": 0.019888975962103175,
        "archive_batch": 7,
        "archive_bits_hash": "3d7d712ff88f080ce363f8788e47641b4cafd0b852bc3c8b8e32e1741ec67fa6",
        "archive_cut": 5907.0,
        "archive_every": 1,
        "archive_source": "batch",
        "archive_step": 2992,
        "batch": 8,
        "beta": 0.02,
        "distinct_candidates": 7693,
        "dual_init": 24.981037498368174,
        "first_clip_step": 245,
        "graph_hash": "ba2f4adea0d13597bfedc55c9ab0ab8c9d24163927130c962712f5386927362f",
        "initial_state_hash": "47da152e6f6353e29a6531b38f84a760ef5b75102bcfc0caafc24079628173da",
        "m": 41459,
        "method": "shuffled_dual",
        "n": 7000,
        "perturbations": 0,
        "problem": "G64",
        "rho": 0.05,
        "runtime_seconds": 6.4120859160029795,
        "seed": 0,
        "steps": 3000
      }
    ],
    "drift_semantics": "observed_drift is sorted-eigenvalue forward slope; predicted_drift uses midpoint omega over each sampled interval",
    "dual_init": 24.981037498368174,
    "format_version": 1,
    "graph_hash": "ba2f4adea0d13597bfedc55c9ab0ab8c9d24163927130c962712f5386927362f",
    "hessian_scaling": "reported eigenvalues are A=W+Diag(y); Hessian with respect to x is 2*A",
    "lambda_max_bound": 24.795280894613164,
    "lambda_min_bound": -24.881037498368173,
    "m": 41459,
    "methods": [
      "direct",
      "direct_tiny",
      "scalar_dual",
      "pdbo",
      "shuffled_dual"
    ],
    "n": 7000,
    "negative_edge_count": 20466,
    "negative_index_semantics": "SLQ estimate of trace(1[A < -threshold]); not an exact integer",
    "omega_semantics": "omega_k=sum_i u_ki^2*(1-spin_i^2), a modal fractionality weight; predicted H drift is -beta*omega_k/4 per old-state step",
    "problem": "G64",
    "quality_bound_scope": "signed weights: nonnegative-weight approximation-ratio bounds disabled",
    "rounding_tie": "numpy.rint: x=0.5 maps to bit 0",
    "signed_weights": true,
    "spectrum_exact": false,
    "spectrum_mode": "sparse-extrema",
    "spin_update": "z_next=clip_spin(z-2*alpha*(W+Diag(y))*z)",
    "total_weight": 527.0,
    "weight_max": 1.0,
    "weight_min": -1.0
  },
  "methods": [
    {
      "alpha": 0.019888975962103175,
      "archive_batch": 0,
      "archive_bits_hash": "411ee51b8358eca82283ee3e39d69d9f638a60170bd3efa2f43c081c8ef96ba5",
      "archive_cut": 8001.0,
      "archive_every": 1,
      "archive_source": "batch",
      "archive_step": 229,
      "batch": 8,
      "beta": 0.02,
      "bifurcation_delay": 6,
      "critical_gap": 3.7471945367397765,
      "critical_lambda_1": -24.8810374983681,
      "critical_lambda_2": -21.133842961628325,
      "critical_residual_1": 4.6152017847762316e-14,
      "distinct_candidates": 901,
      "dual_init": 0.0,
      "escape_alignment": 0.09053004880750735,
      "escape_subspace_alignment": 0.06947173389424989,
      "first_clip_step": 6,
      "graph_hash": "ba2f4adea0d13597bfedc55c9ab0ab8c9d24163927130c962712f5386927362f",
      "initial_state_hash": "47da152e6f6353e29a6531b38f84a760ef5b75102bcfc0caafc24079628173da",
      "kappa_escape": 24.8810374983681,
      "m": 41459,
      "max_alignment": 0.09480222753866858,
      "method": "direct",
      "n": 7000,
      "perturbations": 0,
      "problem": "G64",
      "raw_max_flip_gain": 0.0,
      "raw_positive_flip_count": 0,
      "refined_cut": 8001.0,
      "refined_max_flip_gain": 0.0,
      "refinement_gain": 0.0,
      "refinement_steps": 0,
      "replay_verified": true,
      "rho": 0.05,
      "runtime_seconds": 4.372700750012882,
      "seed": 0,
      "steps": 3000,
      "tc": 0,
      "tesc": 6,