{
  "metadata": {
    "alpha": 0.13714221726807385,
    "alpha_rule": "spectral_fraction/(lambda_max(W)+dual_init)",
    "archive_semantics": "every-step incumbent archive",
    "config": {
      "archive_every": 1,
      "batch": 8,
      "beta": 0.02,
      "delta": 1e-08,
      "eig_tolerance": 1e-06,
      "escape_radius": 0.1,
      "kick": true,
      "max_heatmap_vars": 2000,
      "mode_count": 8,
      "negative_every": 250,
      "psd_margin": 0.1,
      "rho": 0.05,
      "seed": 0,
      "slq_probes": 6,
      "slq_steps": 35,
      "slq_threshold": 1e-06,
      "spectral_fraction": 0.99,
      "spectrum_every": 50,
      "steps": 3000,
      "timeseries_every": 20,
      "tiny_rho": 0.0001
    },
    "critical_plane_semantics": "first two instantaneous lowest Ritz vectors at the refined tc",
    "descriptors": [
      {
        "alpha": 0.13714221726807385,
        "archive_batch": 2,
        "archive_bits_hash": "96dd4d21c3f8ef1addfdad1d76be49d949830e435486403b053ee9481c619b02",
        "archive_cut": 9042.0,
        "archive_every": 1,
        "archive_source": "batch",
        "archive_step": 39,
        "batch": 8,
        "beta": 0.02,
        "distinct_candidates": 251,
        "dual_init": 0.0,
        "first_clip_step": 5,
        "graph_hash": "c1ed050afa0012849735d3d75e97b9f92d27994856d74a93cb55768227d730e3",
        "initial_state_hash": "1736cadc9ffb5e39934076e09745f25d3c896573a9c9bf03680a9b4410b44f93",
        "m": 9999,
        "method": "direct",
        "n": 10000,
        "perturbations": 0,
        "problem": "G70",
        "rho": 0.05,
        "runtime_seconds": 1.7086257079790812,
        "seed": 0,
        "steps": 3000
      },
      {
        "alpha": 0.13714221726807385,
        "archive_batch": 3,
        "archive_bits_hash": "2fe197e186ccad727b9ec6dacd0b71cc8ecdc879dd92bed7499a6bbd32855625",
        "archive_cut": 9269.0,
        "archive_every": 1,
        "archive_source": "batch",
        "archive_step": 45,
        "batch": 8,
        "beta": 0.02,
        "distinct_candidates": 314,
        "dual_init": 0.0,
        "first_clip_step": 14,
        "graph_hash": "c1ed050afa0012849735d3d75e97b9f92d27994856d74a93cb55768227d730e3",
        "initial_state_hash": "1f1fbc0f2bdbdbd643cd0a0e15ca4b95df7a89a749dbc923c7a98be526ab147f",
        "m": 9999,
        "method": "direct_tiny",
        "n": 10000,
        "perturbations": 0,
        "problem": "G70",
        "rho": 0.0001,
        "runtime_seconds": 1.608840417000465,
        "seed": 0,
        "steps": 3000
      },
      {
        "alpha": 0.13714221726807385,
        "archive_batch": 1,
        "archive_bits_hash": "1ce34d8299bc2069402ee8c385a2e52c7da5da4b6445c1a29651a69638c88a0e",
        "archive_cut": 9120.0,
        "archive_every": 1,
        "archive_source": "batch",
        "archive_step": 1660,
        "batch": 8,
        "beta": 0.02,
        "distinct_candidates": 3518,
        "dual_init": 3.656841779505411,
        "first_clip_step": 99,
        "graph_hash": "c1ed050afa0012849735d3d75e97b9f92d27994856d74a93cb55768227d730e3",
        "initial_state_hash": "1736cadc9ffb5e39934076e09745f25d3c896573a9c9bf03680a9b4410b44f93",
        "m": 9999,
        "method": "scalar_dual",
        "n": 10000,
        "perturbations": 0,
        "problem": "G70",
        "rho": 0.05,
        "runtime_seconds": 1.653917250019731,
        "seed": 0,
        "steps": 3000
      },
      {
        "alpha": 0.13714221726807385,
        "archive_batch": 0,
        "archive_bits_hash": "9a0bb9ccdce7e7b4ed8febf3ba6d8ba2c419cf569dad88374ce26d46b107f2a7",
        "archive_cut": 9397.0,
        "archive_every": 1,
        "archive_source": "batch",
        "archive_step": 2013,
        "batch": 8,
        "beta": 0.02,
        "distinct_candidates": 6132,
        "dual_init": 3.656841779505411,
        "first_clip_step": 103,
        "graph_hash": "c1ed050afa0012849735d3d75e97b9f92d27994856d74a93cb55768227d730e3",
        "initial_state_hash": "1736cadc9ffb5e39934076e09745f25d3c896573a9c9bf03680a9b4410b44f93",
        "m": 9999,
        "method": "pdbo",
        "n": 10000,
        "perturbations": 447231,
        "problem": "G70",
        "rho": 0.05,
        "runtime_seconds": 2.0398579169996083,
        "seed": 0,
        "steps": 3000
      },
      {
        "alpha": 0.13714221726807385,
        "archive_batch": 1,
        "archive_bits_hash": "96a91b089ac532afdda5cd62ce9a2a18f43f66d48740f58a09beda7b7d984ab1",
        "archive_cut": 9313.0,
        "archive_every": 1,
        "archive_source": "batch",
        "archive_step": 1763,
        "batch": 8,
        "beta": 0.02,
        "distinct_candidates": 5933,
        "dual_init": 3.656841779505411,
        "first_clip_step": 99,
        "graph_hash": "c1ed050afa0012849735d3d75e97b9f92d27994856d74a93cb55768227d730e3",
        "initial_state_hash": "1736cadc9ffb5e39934076e09745f25d3c896573a9c9bf03680a9b4410b44f93",
        "m": 9999,
        "method": "shuffled_dual",
        "n": 10000,
        "perturbations": 1707687,
        "problem": "G70",
        "rho": 0.05,
        "runtime_seconds": 4.5801051250018645,
        "seed": 0,
        "steps": 3000
      }
    ],
    "drift_semantics": "observed_drift is sorted-eigenvalue forward slope; predicted_drift uses midpoint omega over each sampled interval",
    "dual_init": 3.656841779505411,
    "format_version": 1,
    "graph_hash": "c1ed050afa0012849735d3d75e97b9f92d27994856d74a93cb55768227d730e3",
    "hessian_scaling": "reported eigenvalues are A=W+Diag(y); Hessian with respect to x is 2*A",
    "lambda_max_bound": 3.5619419015607403,
    "lambda_min_bound": -3.556841779505411,
    "m": 9999,
    "methods": [
      "direct",
      "direct_tiny",
      "scalar_dual",
      "pdbo",
      "shuffled_dual"
    ],
    "n": 10000,
    "negative_edge_count": 0,
    "negative_index_semantics": "SLQ estimate of trace(1[A < -threshold]); not an exact integer",
    "omega_semantics": "omega_k=sum_i u_ki^2*(1-spin_i^2), a modal fractionality weight; predicted H drift is -beta*omega_k/4 per old-state step",
    "problem": "G70",
    "quality_bound_scope": "nonnegative weights",
    "rounding_tie": "numpy.rint: x=0.5 maps to bit 0",
    "signed_weights": false,
    "spectrum_exact": false,
    "spectrum_mode": "sparse-extrema",
    "spin_update": "z_next=clip_spin(z-2*alpha*(W+Diag(y))*z)",
    "total_weight": 9999.0,
    "weight_max": 1.0,
    "weight_min": 1.0
  },
  "methods": [
    {
      "alpha": 0.13714221726807385,
      "archive_batch": 2,
      "archive_bits_hash": "96dd4d21c3f8ef1addfdad1d76be49d949830e435486403b053ee9481c619b02",
      "archive_cut": 9042.0,
      "archive_every": 1,
      "archive_source": "batch",
      "archive_step": 39,
      "batch": 8,
      "beta": 0.02,
      "bifurcation_delay": 3,
      "critical_gap": 0.018464472299714263,
      "critical_lambda_1": -3.5568417795053855,
      "critical_lambda_2": -3.5383773072056712,
      "critical_residual_1": 8.483776531351583e-15,
      "distinct_candidates": 251,
      "dual_init": 0.0,
      "escape_alignment": 0.05178760120326074,
      "escape_subspace_alignment": 0.003584162621811188,
      "first_clip_step": 5,
      "graph_hash": "c1ed050afa0012849735d3d75e97b9f92d27994856d74a93cb55768227d730e3",
      "initial_state_hash": "1736cadc9ffb5e39934076e09745f25d3c896573a9c9bf03680a9b4410b44f93",
      "kappa_escape": 3.5568417795053855,
      "m": 9999,
      "max_alignment": 0.05057383410946242,
      "method": "direct",
      "n": 10000,
      "perturbations": 0,
      "problem": "G70",
      "raw_max_flip_gain": 1.0,
      "raw_positive_flip_count": 2,
      "refined_cut": 9044.0,
      "refined_max_flip_gain": 0.0,
      "refinement_gain": 2.0,
      "refinement_steps": 2,
      "replay_verified": true,
      "rho": 0.05,
      "runtime_seconds": 1.7086257079790812,
      "seed": 0,
      "steps": 3000,
      "tc": 0,
      "tesc": 3,
      "verification_cut": 9042.0,