{
  "metadata": {
    "alpha": 0.1344727103009805,
    "alpha_rule": "spectral_fraction/(lambda_max(W)+dual_init)",
    "archive_semantics": "every-step incumbent archive",
    "config": {
      "archive_every": 1,
      "batch": 8,
      "beta": 0.02,
      "delta": 1e-08,
      "eig_tolerance": 1e-06,
      "escape_radius": 0.1,
      "kick": true,
      "max_heatmap_vars": 2000,
      "mode_count": 8,
      "negative_every": 250,
      "psd_margin": 0.1,
      "rho": 0.05,
      "seed": 0,
      "slq_probes": 6,
      "slq_steps": 35,
      "slq_threshold": 1e-06,
      "spectral_fraction": 0.99,
      "spectrum_every": 50,
      "steps": 3000,
      "timeseries_every": 20,
      "tiny_rho": 0.0001
    },
    "critical_plane_semantics": "first two instantaneous lowest Ritz vectors at the refined tc",
    "descriptors": [
      {
        "alpha": 0.1344727103009805,
        "archive_batch": 5,
        "archive_bits_hash": "05a14ecbfceb3969739ac8132dd06892a14e075a8f3f42c362493fbccadda497",
        "archive_cut": 12280.0,
        "archive_every": 1,
        "archive_source": "batch",
        "archive_step": 36,
        "batch": 8,
        "beta": 0.02,
        "distinct_candidates": 248,
        "dual_init": 0.0,
        "first_clip_step": 5,
        "graph_hash": "9f6c4c257277277791210397d8449e71886ac7e8ddae84da5d9b8b0cb3403c14",
        "initial_state_hash": "0286b025e639c16a643b4e8576df6e672d08b1d42ab861f05f3de084c39c1069",
        "m": 40000,
        "method": "direct",
        "n": 20000,
        "perturbations": 0,
        "problem": "G81",
        "rho": 0.05,
        "runtime_seconds": 5.256824416981544,
        "seed": 0,
        "steps": 3000
      },
      {
        "alpha": 0.1344727103009805,
        "archive_batch": 4,
        "archive_bits_hash": "8faf0a1694cd72a0f00245d5f826b9e7c88341953f9bb438a4ab1548dd5dca09",
        "archive_cut": 12868.0,
        "archive_every": 1,
        "archive_source": "batch",
        "archive_step": 46,
        "batch": 8,
        "beta": 0.02,
        "distinct_candidates": 296,
        "dual_init": 0.0,
        "first_clip_step": 14,
        "graph_hash": "9f6c4c257277277791210397d8449e71886ac7e8ddae84da5d9b8b0cb3403c14",
        "initial_state_hash": "e84668e9b2e9768492bc687162fffd260ba590fc8378e5a75bd797e912a9435a",
        "m": 40000,
        "method": "direct_tiny",
        "n": 20000,
        "perturbations": 0,
        "problem": "G81",
        "rho": 0.0001,
        "runtime_seconds": 5.057993041991722,
        "seed": 0,
        "steps": 3000
      },
      {
        "alpha": 0.1344727103009805,
        "archive_batch": 7,
        "archive_bits_hash": "42b583ea1723f3a5f2055bb8c8fc97b40f971fca2cf2c051ad6c22d2554a03bc",
        "archive_cut": 13756.0,
        "archive_every": 1,
        "archive_source": "batch",
        "archive_step": 935,
        "batch": 8,
        "beta": 0.02,
        "distinct_candidates": 5207,
        "dual_init": 3.731044272046536,
        "first_clip_step": 107,
        "graph_hash": "9f6c4c257277277791210397d8449e71886ac7e8ddae84da5d9b8b0cb3403c14",
        "initial_state_hash": "0286b025e639c16a643b4e8576df6e672d08b1d42ab861f05f3de084c39c1069",
        "m": 40000,
        "method": "scalar_dual",
        "n": 20000,
        "perturbations": 0,
        "problem": "G81",
        "rho": 0.05,
        "runtime_seconds": 5.208472625003196,
        "seed": 0,
        "steps": 3000
      },
      {
        "alpha": 0.1344727103009805,
        "archive_batch": 2,
        "archive_bits_hash": "a368c0296ae5d458383ec44fc8fdea5eb552a7bb67aed54b581abf9606a6177f",
        "archive_cut": 13826.0,
        "archive_every": 1,
        "archive_source": "batch",
        "archive_step": 1796,
        "batch": 8,
        "beta": 0.02,
        "distinct_candidates": 15176,
        "dual_init": 3.731044272046536,
        "first_clip_step": 102,
        "graph_hash": "9f6c4c257277277791210397d8449e71886ac7e8ddae84da5d9b8b0cb3403c14",
        "initial_state_hash": "0286b025e639c16a643b4e8576df6e672d08b1d42ab861f05f3de084c39c1069",
        "m": 40000,
        "method": "pdbo",
        "n": 20000,
        "perturbations": 179573,
        "problem": "G81",
        "rho": 0.05,
        "runtime_seconds": 6.292398707999382,
        "seed": 0,
        "steps": 3000
      },
      {
        "alpha": 0.1344727103009805,
        "archive_batch": 7,
        "archive_bits_hash": "56afdfe5a7c8842d1a8abc6fc66dac0a6319394cb80b4f469ef96e28e0e29f6d",
        "archive_cut": 13756.0,
        "archive_every": 1,
        "archive_source": "batch",
        "archive_step": 936,
        "batch": 8,
        "beta": 0.02,
        "distinct_candidates": 17980,
        "dual_init": 3.731044272046536,
        "first_clip_step": 107,
        "graph_hash": "9f6c4c257277277791210397d8449e71886ac7e8ddae84da5d9b8b0cb3403c14",
        "initial_state_hash": "0286b025e639c16a643b4e8576df6e672d08b1d42ab861f05f3de084c39c1069",
        "m": 40000,
        "method": "shuffled_dual",
        "n": 20000,
        "perturbations": 0,
        "problem": "G81",
        "rho": 0.05,
        "runtime_seconds": 11.515128958999412,
        "seed": 0,
        "steps": 3000
      }
    ],
    "drift_semantics": "observed_drift is sorted-eigenvalue forward slope; predicted_drift uses midpoint omega over each sampled interval",
    "dual_init": 3.731044272046536,
    "format_version": 1,
    "graph_hash": "9f6c4c257277277791210397d8449e71886ac7e8ddae84da5d9b8b0cb3403c14",
    "hessian_scaling": "reported eigenvalues are A=W+Diag(y); Hessian with respect to x is 2*A",
    "lambda_max_bound": 3.631044272046572,
    "lambda_min_bound": -3.631044272046536,
    "m": 40000,
    "methods": [
      "direct",
      "direct_tiny",
      "scalar_dual",
      "pdbo",
      "shuffled_dual"
    ],
    "n": 20000,
    "negative_edge_count": 19983,
    "negative_index_semantics": "SLQ estimate of trace(1[A < -threshold]); not an exact integer",
    "omega_semantics": "omega_k=sum_i u_ki^2*(1-spin_i^2), a modal fractionality weight; predicted H drift is -beta*omega_k/4 per old-state step",
    "problem": "G81",
    "quality_bound_scope": "signed weights: nonnegative-weight approximation-ratio bounds disabled",
    "rounding_tie": "numpy.rint: x=0.5 maps to bit 0",
    "signed_weights": true,
    "spectrum_exact": false,
    "spectrum_mode": "sparse-extrema",
    "spin_update": "z_next=clip_spin(z-2*alpha*(W+Diag(y))*z)",
    "total_weight": 34.0,
    "weight_max": 1.0,
    "weight_min": -1.0
  },
  "methods": [
    {
      "alpha": 0.1344727103009805,
      "archive_batch": 5,
      "archive_bits_hash": "05a14ecbfceb3969739ac8132dd06892a14e075a8f3f42c362493fbccadda497",
      "archive_cut": 12280.0,
      "archive_every": 1,
      "archive_source": "batch",
      "archive_step": 36,
      "batch": 8,
      "beta": 0.02,
      "bifurcation_delay": 3,
      "critical_gap": 0.01730729337890491,
      "critical_lambda_1": -3.6310442720465432,
      "critical_lambda_2": -3.6137369786676383,
      "critical_residual_1": 1.824530601691155e-14,
      "distinct_candidates": 248,
      "dual_init": 0.0,
      "escape_alignment": 0.020970938817854348,
      "escape_subspace_alignment": 0.0018746392661840024,
      "first_clip_step": 5,
      "graph_hash": "9f6c4c257277277791210397d8449e71886ac7e8ddae84da5d9b8b0cb3403c14",
      "initial_state_hash": "0286b025e639c16a643b4e8576df6e672d08b1d42ab861f05f3de084c39c1069",
      "kappa_escape": 3.6310442720465432,
      "m": 40000,
      "max_alignment": 0.02179221562361375,
      "method": "direct",
      "n": 20000,
      "perturbations": 0,
      "problem": "G81",
      "raw_max_flip_gain": 2.0,
      "raw_positive_flip_count": 1,
      "refined_cut": 12282.0,
      "refined_max_flip_gain": 0.0,
      "refinement_gain": 2.0,
      "refinement_steps": 1,
      "replay_verified": true,
      "rho": 0.05,
      "runtime_seconds": 5.256824416981544,
      "seed": 0,
      "steps": 3000,
      "tc": 0,
      "tesc": 3,